<?xml version="1.0" encoding="UTF-8"?>
<!DOCTYPE mapper PUBLIC "-//mybatis.org//DTD Mapper 3.0//EN" "http://mybatis.org/dtd/mybatis-3-mapper.dtd">

<mapper namespace="free">


	<select id="board" resultType="com.booknabada.dto.FreeDTO">
		SELECT * from freeBoard_view ORDER BY board_no DESC
	</select>

	<select id="detail" parameterType="Integer" resultType="com.booknabada.dto.FreeDTO">
		SELECT * from freeBoard_view where board_no=#{reBno}
	</select>

	<update id="countUp" parameterType="Integer">
		<![CDATA[
		update board set board_count=board_count+1
		 where board_no =#{reBno}
		]]>
	</update>

	<insert id="writeAction" parameterType="com.booknabada.dto.FreeDTO">
		<![CDATA[
			INSERT INTO board (board_title, board_content, cate_no, user_no, board_picture)
			VALUES( #{board_title}, #{board_content}, 0 , 1, #{board_picture }) 
		]]>
	</insert>

	<delete id="detailDelete" parameterType="com.booknabada.dto.FreeDTO">
		DELETE FROM board WHERE board_no = #{board_no}
	</delete>

	<update id="modifyAction" parameterType="com.booknabada.dto.FreeDTO">
		UPDATE board SET board_title = #{board_title},
		board_content = #{board_content}
		WHERE board_no = #{board_no}
	</update>

</mapper>