<?xml version="1.0" encoding="UTF-8"?>
<beans xmlns="http://www.springframework.org/schema/beans"
	xmlns:xsi="http://www.w3.org/2001/XMLSchema-instance"
	xsi:schemaLocation="http://www.springframework.org/schema/beans http://www.springframework.org/schema/beans/spring-beans-3.0.xsd
						http://www.springframework.org/schema/jdbc  http://www.springframework.org/schema/jdbc/spring-jdbc-3.0.xsd">

	<bean id="dataSource" class="org.springframework.jdbc.datasource.SimpleDriverDataSource">
		<property name="driverClass" value="org.mariadb.jdbc.Driver"></property>
		<property name="url" value="jdbc:mariadb://booknabada.com:3306/booknabada"></property>
		<property name="username" value="booknabada"></property>
		<property name="password" value="!booknabada"></property>
	</bean>
	
 
</beans>